category,sound,x,y
BirdSong,1,0.2490773090776397,-1.2221073411560965
BirdSong,2,-1.1156799808024147,-0.7332676119355845
BirdSong,3,0.6004903310448225,-0.3606224677704406
BirdSong,4,0.10182936129781035,2.1509046773155123
BirdSong,5,-0.14682957781258385,0.28814795828216827
BirdSong,6,-1.5405595928064946,0.888315185686659
BirdSong,7,1.205085450887083,-0.143490039651731
BirdSong,8,-1.119533163984611,-1.5167627440712597
BirdSong,9,-0.10412342913464485,0.6231441411986128
BirdSong,10,1.8702432922241206,0.02573824204604197
BirdSquawk,1,1.2916552245921478,-0.17032771823898105
BirdSquawk,2,0.16252842821475155,0.1372239999442284
BirdSquawk,3,0.292997578571248,-0.4961985760951471
BirdSquawk,4,0.49523383215898414,-0.31777351224496747
BirdSquawk,5,-0.2662041068516167,-0.5008380278422354
BirdSquawk,6,-0.594911123892037,0.7901004057481495
BirdSquawk,7,0.5292017646481363,1.4751089305713165
BirdSquawk,8,-0.6830695391925574,-0.0035164509955226903
BirdSquawk,9,-0.3387139809884214,-1.1793051836536077
BirdSquawk,10,-0.8887180772482515,0.2655261328123182
BirdsFlyingOff,1,1.6294155775579107,2.743060320839133
BirdsFlyingOff,2,1.7586968411217172,0.29994989033683045
BirdsFlyingOff,3,-0.1009939317494436,-0.3185019599879929
BirdsFlyingOff,4,-0.6366799361435087,-2.291429328317829
BirdsFlyingOff,5,-1.303701010684387,1.4427852002785575
BirdsFlyingOff,6,-1.9701434098775452,-0.5764780837812163
BirdsFlyingOff,7,-0.10001655777838032,-0.5106713087608598
BirdsFlyingOff,8,0.35621064266301095,-1.9359290193508134
BirdsFlyingOff,9,-0.1394985560845285,1.0122232193509675
BirdsFlyingOff,10,0.5067103410048329,0.1349910693803855
CarHorn,1,0.7978716309111654,0.3066190514758839
CarHorn,2,0.49842560307145717,1.4178216323915513
CarHorn,3,0.9323345348178398,-1.28579055457063
CarHorn,4,0.7388556684112915,-0.538039069893295
CarHorn,5,-0.7400064282876502,-0.09818184452514561
CarHorn,6,-0.7573992918742827,1.0073309052110344
CarHorn,7,0.24114507614032843,0.5934449032556075
CarHorn,8,-0.8191509519631,-0.10355520498961378
CarHorn,9,-0.4358419399605673,-1.3513997213066231
CarHorn,10,-0.45623390125131885,0.05174990292117217
CarSkidding,1,0.5068212631255706,0.8779678673815573
CarSkidding,2,1.4584481920187589,1.2826182407591462
CarSkidding,3,0.9493810921229567,-1.5315236259836589
CarSkidding,4,-0.15080653991299442,-0.4649395474481421
CarSkidding,5,-0.8609657502442304,0.2490187020813841
CarSkidding,6,-1.5699954933216311,-0.08190270129704608
CarSkidding,7,-0.32404398538733964,0.42451924171681577
CarSkidding,8,-0.41748469251361153,-1.9307079074592317
CarSkidding,9,-1.284267998321507,1.812198640090131
CarSkidding,10,1.6929139124352972,-0.6372489098165665
CarStarting,1,0.7137388171715826,0.039307134953650416
CarStarting,2,-0.016330721165770216,0.16680860475434928
CarStarting,3,1.399809198606639,-1.630201618563147
CarStarting,4,1.9345395481755963,-0.9297124361740491
CarStarting,5,-0.6640935133199259,-0.15962871889634445
CarStarting,6,-1.2630469350232667,1.9799619615516246
CarStarting,7,0.16316476552685036,1.1163069385874873
CarStarting,8,-1.940381332724444,-0.24831032279195547
CarStarting,9,0.015393463737588861,-1.6147473803854995
CarStarting,10,-0.34279329098045186,1.2802158369853065
CatHissing,1,-0.1480921021632985,-2.0114723841218174
CatHissing,2,-1.0761948058163693,-0.5503851287019093
CatHissing,3,1.889032973571064,-1.0182071413477496
CatHissing,4,-0.09934486006137949,2.3718997418560925
CatHissing,5,0.05573106283112065,0.04458140367711771
CatHissing,6,-0.7759310227449805,0.7083834356276539
CatHissing,7,0.4336317455349916,0.31419332277842527
CatHissing,8,-1.1504965289946323,-1.6098795810620823
CatHissing,9,-0.7391842986210977,1.3079995816177155
CatHissing,10,1.6108478364590952,0.4428867496714915
CatMeowing,1,0.5556640787261196,0.9312527775354544
CatMeowing,2,1.5765676212753181,0.5460034454459108
CatMeowing,3,0.9647689506719908,-1.4167785964868564
CatMeowing,4,-0.25154597162627357,-0.9756521494578747
CatMeowing,5,-1.5079691928741834,0.7302069300790957
CatMeowing,6,-1.742956663443038,-0.63545254128604
CatMeowing,7,0.40316480287346873,-0.5467551623087481
CatMeowing,8,-0.4370880518250131,-0.16161550076136438
CatMeowing,9,-0.33859355169867833,1.5664020452483056
CatMeowing,10,0.7779879779118506,-0.03761124801033093
CatPurring,1,1.2514308095469653,-0.9646038182331783
CatPurring,2,-1.6673117863997426,-0.18713695803508754
CatPurring,3,1.6279313097002515,-0.13132278836023065
CatPurring,4,1.1533506228832244,0.4920819216616071
CatPurring,5,-0.31186517831607635,0.04543104962741143
CatPurring,6,-1.0591283849805582,0.9665575456407529
CatPurring,7,-0.04865622837849007,-1.1126143603491403
CatPurring,8,0.47040787891858465,1.4161901092895235
CatPurring,9,-1.438177090412136,-0.9170701922037474
CatPurring,10,0.02201804744780099,0.39248749095068247
ChildrenPlaying,1,0.8421555079728456,0.053480324048413054
ChildrenPlaying,2,0.19914184644675892,0.9683604138173124
ChildrenPlaying,3,1.3817279722653697,-1.833970708054119
ChildrenPlaying,4,0.8273542060898939,-0.6991437969541014
ChildrenPlaying,5,-1.823510344160155,-0.4671335060276624
ChildrenPlaying,6,-0.5015237522646151,0.7740268514413731
ChildrenPlaying,7,0.8339730150545199,1.5831532230319514
ChildrenPlaying,8,-0.3900964685166565,-0.47391442452843013
ChildrenPlaying,9,-0.6295942445765123,-0.7470181499147062
ChildrenPlaying,10,-0.7396277383183092,0.8421597731611332
CocktailParty,1,1.6609906534112708,-0.1415299010976669
CocktailParty,2,1.476844200161082,1.1210364160251853
CocktailParty,3,1.0766322479148014,-1.7201354312465194
CocktailParty,4,0.5806653182492962,-0.4755784645276842
CocktailParty,5,-1.2478158946146733,-0.9233086741409848
CocktailParty,6,-1.4244987660714257,1.873328603258565
CocktailParty,7,0.41653247084818434,1.552002289665434
CocktailParty,8,-1.8395542145135673,-0.09279065794950812
CocktailParty,9,0.02932264147276747,-1.7274264375079782
CocktailParty,10,-0.7291186568958505,0.5344022575362598
CoughingAdultFemale,1,0.84365363679429,0.12523300022003508
CoughingAdultFemale,2,-0.09194488434817993,0.9935917133345008
CoughingAdultFemale,3,0.9797579038123194,-1.6342560943403748
CoughingAdultFemale,4,1.315287466871773,-0.753607134557845
CoughingAdultFemale,5,-0.4562838083499105,-0.9722259766327443
CoughingAdultFemale,6,-0.6852031966447842,1.4752032789971885
CoughingAdultFemale,7,1.3396834205900847,0.7911097180415119
CoughingAdultFemale,8,-1.9307781144042317,-0.4347909471530561
CoughingAdultFemale,9,-0.11324428347011493,-0.7532276452877142
CoughingAdultFemale,10,-1.2009281408244705,1.1629700873612292
CoughingAdultMale,1,1.0381952432220605,0.6669089789969065
CoughingAdultMale,2,0.7927576187946099,0.09470427725810834
CoughingAdultMale,3,1.0344255015510435,-2.0247683228943574
CoughingAdultMale,4,1.3862294440774496,-1.2508386659506985
CoughingAdultMale,5,-2.2349944687827388,-0.10900048913620981
CoughingAdultMale,6,-1.2531085070536987,1.0781378674564104
CoughingAdultMale,7,1.141832842545364,1.635155270107119
CoughingAdultMale,8,-0.8628590603035957,-0.13699529131078678
CoughingAdultMale,9,0.21559187255363513,-0.6652266259627528
CoughingAdultMale,10,-1.2580704866075074,0.711923001409412
CowMoo,1,0.5945314879603567,0.9393704225225857
CowMoo,2,1.3750823909245116,0.9894215386940415
CowMoo,3,1.539219673161817,-1.6058711939220158
CowMoo,4,-0.9675164908700795,-2.3265134640675065
CowMoo,5,-1.1590984774850572,1.2914023722880212
CowMoo,6,-2.01939965627161,-0.41057901002671016
CowMoo,7,-0.16161029962152448,0.5459261280606417
CowMoo,8,0.022398526507059535,-0.8954012424343228
CowMoo,9,-0.7667075926186927,1.676354022913299
CowMoo,10,1.5431004382974367,-0.20410957402255617
CrowdApplause,1,1.6560823633976316,-0.11863746109110573
CrowdApplause,2,0.27367222131685565,1.5397853596505238
CrowdApplause,3,1.4839854852659258,-1.9402742836103266
CrowdApplause,4,0.9778297671389746,-1.0225435675915904
CrowdApplause,5,-1.2677581217882712,-0.03985925200047879
CrowdApplause,6,-1.3705126106917394,2.1699913367178776
CrowdApplause,7,1.1243929035128757,1.476391212231899
CrowdApplause,8,-2.1184821679483696,-0.543886788590488
CrowdApplause,9,-0.19102035786824687,-1.6128117355520233
CrowdApplause,10,-0.5681894823522072,0.09184517985832892
CrowdCheering,1,2.1065873857223614,0.2430463796297466
CrowdCheering,2,0.13640260642767388,-0.0463330399531052
CrowdCheering,3,0.45236999236811193,-0.683631816247335
CrowdCheering,4,1.6087852019233608,-1.2572637208508421
CrowdCheering,5,-0.6135340242948009,0.21887035597012874
CrowdCheering,6,-1.1179016081385655,0.7348046757075958
CrowdCheering,7,1.0189264865565162,1.3321612454489165
CrowdCheering,8,-2.110199465672894,0.12180609464202344
CrowdCheering,9,0.12599577813115154,-1.8076520944982215
CrowdCheering,10,-1.6074323530319228,1.1441919201548985
CryingAdultFemale,1,0.5693884321237691,0.24140582572276853
CryingAdultFemale,2,0.6220216385884162,0.7049481560551931
CryingAdultFemale,3,1.5290947811844555,-1.786468228621068
CryingAdultFemale,4,0.5851988594363692,-0.6368135442663101
CryingAdultFemale,5,-1.0349591631939787,-0.40413948350370177
CryingAdultFemale,6,-1.033195945587767,1.1659937113802505
CryingAdultFemale,7,1.5405039231379862,1.7887606164136387
CryingAdultFemale,8,-2.077303816423337,0.12431934394025478
CryingAdultFemale,9,-0.08777869667249902,-1.4807195488628857
CryingAdultFemale,10,-0.6129700125673843,0.28271315177036294
CryingAdultMale,1,1.9711457948383193,0.08558317881547008
CryingAdultMale,2,0.7505922238923831,1.431020471742734
CryingAdultMale,3,-0.0010835227264742256,-0.5736724085358009
CryingAdultMale,4,1.2031001245224449,-1.1895924621794944
CryingAdultMale,5,-0.9282487030719949,-0.28416055527132156
CryingAdultMale,6,-0.7380112632712716,0.8671864995048056
CryingAdultMale,7,0.12129918435858522,1.3710741530059556
CryingAdultMale,8,-2.056889468798841,0.09952508734926703
CryingAdultMale,9,-0.20234680276169723,-1.7517320141502495
CryingAdultMale,10,-0.11955756697368958,-0.05523195027904655
CryingChild,1,0.06273798228219644,-0.09999023438682314
CryingChild,2,1.284555827529097,0.24140384730619469
CryingChild,3,1.2099449197050978,-1.1267012201227882
CryingChild,4,0.527004465661281,-0.10009733319144198
CryingChild,5,-0.35685331328956177,-0.6878179951468448
CryingChild,6,-1.2750797328564962,0.9194662930452205
CryingChild,7,1.1193121061863733,1.3162732502154004
CryingChild,8,-1.5090084389177356,-0.2207594288227498
CryingChild,9,-0.5912530239974718,-1.2417995533228545
CryingChild,10,-0.4713607923269179,1.0000223744448953
DogBarking,1,1.3319813306896684,-0.009615523564156446
DogBarking,2,1.046426765021424,0.8560083483405067
DogBarking,3,0.6024961674292592,-0.5577676373719624
DogBarking,4,1.3924088480188228,-1.7647865190815193
DogBarking,5,-0.9018468863212074,-1.058568625686896
DogBarking,6,-1.3087745182687724,1.6740864266129785
DogBarking,7,0.5088684713960648,1.3396732750044356
DogBarking,8,-1.4237053916650573,0.09220839252609613
DogBarking,9,-0.29324803851140085,-0.9585495341432954
DogBarking,10,-0.954606747789616,0.38731139735119263
DogGrowling,1,0.31051789720565004,-1.218413650432653
DogGrowling,2,-1.2799971315260152,-0.376606331960446
DogGrowling,3,1.4813282026326906,-1.0604402637968426
DogGrowling,4,0.3272061261875913,0.5883124882084031
DogGrowling,5,-0.5194124254759868,1.4578564719098344
DogGrowling,6,-1.5240800939781949,1.0456439457992792
DogGrowling,7,1.4177338173088265,0.28339244525579604
DogGrowling,8,-0.6969559863662202,-1.1238744312413227
DogGrowling,9,-0.45237988476426455,0.5756774654662206
DogGrowling,10,0.9360394787782614,-0.17154813918434644
DogHowling,1,0.2032052903836173,-1.4931789512958347
DogHowling,2,-1.1776787830016167,-0.2617839053398513
DogHowling,3,0.301279570254754,-0.1008614809229323
DogHowling,4,0.02815274948011101,1.1509300709915464
DogHowling,5,0.17529055773198846,0.9201741600665541
DogHowling,6,-1.5345795871941714,1.0573625054617262
DogHowling,7,1.4634758224250746,-0.13509684765450503
DogHowling,8,-0.5760088347948538,-1.2190341668435352
DogHowling,9,-0.997891669418558,0.36834636398486564
DogHowling,10,2.1147548841348,-0.28685774845558704
Drilling,1,1.724516465763223,0.051195041639477315
Drilling,2,1.2048550318974056,1.8368168605080504
Drilling,3,0.3266719285465258,-0.6400175210616195
Drilling,4,1.318917727290384,-0.9501679660604915
Drilling,5,-1.4932993391952516,-0.14655165968087147
Drilling,6,-1.1442545154886805,1.461583234928818
Drilling,7,0.46928131426158415,0.4402425566494979
Drilling,8,-1.6703604366937679,-0.4612673923863808
Drilling,9,-0.15514490873959252,-2.21359131622052
Drilling,10,-0.5811832676550502,0.6217581616902517
DrillingPneumatic,1,-0.04756363778413668,-1.055295662385359
DrillingPneumatic,2,-1.814558759915864,-0.5390085202191394
DrillingPneumatic,3,1.2929180647329601,-0.7851493720103819
DrillingPneumatic,4,0.4249551011534511,2.094892519833777
DrillingPneumatic,5,0.4858478741863997,0.657151465438651
DrillingPneumatic,6,-1.3995112473653393,0.7098017320689372
DrillingPneumatic,7,1.6197909368240648,-0.16198803276497156
DrillingPneumatic,8,-1.0576294016089478,-2.387275760494205
DrillingPneumatic,9,-0.8731984912294988,1.1260380142972486
DrillingPneumatic,10,1.3689495609812496,0.34083361627355474
Fire,1,0.5255802068780729,-2.5037533251379873
Fire,2,-1.162233032984389,-0.03477563367904731
Fire,3,1.1734241353112786,-0.9921398428205457
Fire,4,0.19056907215629473,2.5227270404763518
Fire,5,0.08077394276147148,0.17032171830080026
Fire,6,-2.2348330181689966,1.210453451797912
Fire,7,0.8534146963601835,-0.514528476170084
Fire,8,-0.15059409492836295,-0.6289599173840199
Fire,9,-0.8532034881568556,0.565203472441828
Fire,10,1.57710158077059,0.20545151216777727
Footsteps,1,0.45799610067020957,-1.5317083229428898
Footsteps,2,-0.857488460843619,-0.1414837210419184
Footsteps,3,1.0089004479243002,-0.7935965501771222
Footsteps,4,-0.13258674982737376,0.888633285287804
Footsteps,5,0.6160232586521339,1.3367793166612696
Footsteps,6,-1.2555174436385188,0.5432133434366
Footsteps,7,0.4324812394803461,0.17861670774633429
Footsteps,8,-1.0091363891041107,-1.1576825187501425
Footsteps,9,-0.23780884509412484,0.7167574756308882
Footsteps,10,0.9771368417920132,-0.03952901586941162
Hammer,1,0.5759246174147881,0.7270215832153475
Hammer,2,1.2608653496773745,0.8758406102097045
Hammer,3,1.4827061301619646,-1.8798967507518172
Hammer,4,0.5408587918334629,-0.7526277047332548
Hammer,5,-1.3667156915822998,-0.6447919182810842
Hammer,6,-1.2182131755851007,1.351551100416598
Hammer,7,-0.07997507517210138,1.1014999711392253
Hammer,8,-0.48004526227484723,-0.055539754351614484
Hammer,9,-0.44833728469313555,-1.2557486621790668
Hammer,10,-0.26706839982628894,0.5326915253660108
Helicopter,1,0.9208492670410856,1.7286130599618177
Helicopter,2,1.3784726209726876,0.3456872587316999
Helicopter,3,1.37440853379075,-1.8803079934087537
Helicopter,4,-0.4624733934635982,-0.6367328746217313
Helicopter,5,-1.329753709699915,0.5764392115548831
Helicopter,6,-1.4074176219411623,-0.5445891245222362
Helicopter,7,-0.5157695315928786,-0.08728610049868374
Helicopter,8,-0.20737624301375845,-1.2037979243565442
Helicopter,9,-0.9266199594204093,1.9103499828522184
Helicopter,10,1.175680037327634,-0.2083754956952941
HorseGalloping,1,1.354205385146003,0.373678387993311
HorseGalloping,2,0.053957566070610974,0.7784141613009772
HorseGalloping,3,0.7590809407282084,-1.0422597808345793
HorseGalloping,4,1.3191227459484436,-0.9307149620108328
HorseGalloping,5,-0.02347610113755387,-0.0030765494116948813
HorseGalloping,6,-1.1889202376724548,1.8096492137056257
HorseGalloping,7,0.9457333296171933,1.258221975896678
HorseGalloping,8,-2.346218481862926,-0.3540674591444055
HorseGalloping,9,-0.35047011495591524,-1.9801659794120647
HorseGalloping,10,-0.5230150318995593,0.09032099194435633
HorseNeighing,1,1.5933400917215192,-0.041441548362670874
HorseNeighing,2,0.9170456203056059,1.3215327303960658
HorseNeighing,3,1.4708991488000336,-1.9666399284397262
HorseNeighing,4,0.6567275320639222,-0.7509182572312292
HorseNeighing,5,-1.1804569908166567,-0.28879100632966337
HorseNeighing,6,-0.29159366346827226,0.6332476657906225
HorseNeighing,7,0.5031022336356366,2.2474707597236008
HorseNeighing,8,-2.6999863125754078,-0.012006128756052592
HorseNeighing,9,-0.4878741540675196,-1.4474810320797722
HorseNeighing,10,-0.48120350563758746,0.30502674531414564
HorseSnorting,1,0.7635568742424366,-0.8905916204276221
HorseSnorting,2,-2.076310794153312,0.24670917899951525
HorseSnorting,3,0.1492877887073218,-0.09269464096572298
HorseSnorting,4,2.2469102993405583,0.6856740720117038
HorseSnorting,5,-0.3208903807295048,-0.2259150182201729
HorseSnorting,6,-1.2102659736197579,1.3410568772029967
HorseSnorting,7,0.22010806652145415,-1.2288241998795861
HorseSnorting,8,0.2681043010821989,1.829057418132823
HorseSnorting,9,-1.5958495156649886,-1.9965297975214538
HorseSnorting,10,1.555349334305065,0.3320577307047871
InsectsBuzzing,1,0.03255260766859975,-1.3650767433067528
InsectsBuzzing,2,-0.9731289298402779,-0.6379096364905122
InsectsBuzzing,3,0.983326749615616,-0.9510130123801082
InsectsBuzzing,4,0.1387421450912554,1.8940418571138418
InsectsBuzzing,5,0.3854776015389995,0.4703035644156426
InsectsBuzzing,6,-1.8390322169459141,1.2045846595781833
InsectsBuzzing,7,1.9369007166145096,0.10198007047856411
InsectsBuzzing,8,-0.4930787032283509,-1.560670708306298
InsectsBuzzing,9,-0.8207240262822229,0.8958599336518225
InsectsBuzzing,10,0.6489640557876579,-0.05209998479030993
InsectsStridulation,1,1.2041462578107704,0.12265468997984977
InsectsStridulation,2,-0.21700853741285428,1.117890898341447
InsectsStridulation,3,0.6729427529366845,-1.5195517664979985
InsectsStridulation,4,1.918958703517946,-1.1796141817807182
InsectsStridulation,5,-0.6680724483738404,-0.4579507439988425
InsectsStridulation,6,-1.0158938613837634,1.6342885379324146
InsectsStridulation,7,0.5533133727679667,0.6786633127161381
InsectsStridulation,8,-1.795113802564847,-0.19588118747467198
InsectsStridulation,9,0.046708432858534904,-1.0828220219540097
InsectsStridulation,10,-0.6999808701356925,0.8823224627504115
JetPassing,1,1.6110786440841771,-0.45544352950212236
JetPassing,2,0.3338559274324835,1.1767813727011225
JetPassing,3,1.1413513096378052,-1.507987517413101
JetPassing,4,0.4540045057759174,-0.313035637669
JetPassing,5,-1.0673079895693593,0.4748129250238939
JetPassing,6,-0.5876451344801782,1.0365804408161543
JetPassing,7,0.31777661873752017,1.3542304282465822
JetPassing,8,-2.225413346481004,-0.46782103133188574
JetPassing,9,0.05369934809946561,-1.6017523227381572
JetPassing,10,-0.031399883224172406,0.3036348718529518
LaughingAdultFemale,1,1.4290515076742214,0.10235738965415164
LaughingAdultFemale,2,0.7802637596272861,1.1558307965347854
LaughingAdultFemale,3,1.7413985506903378,-2.3992499072397786
LaughingAdultFemale,4,1.3726724418145055,-1.0270663201667956
LaughingAdultFemale,5,-1.306606255995238,-0.5087021348533
LaughingAdultFemale,6,-1.5204107821054391,1.8340391477963143
LaughingAdultFemale,7,1.2021968203496236,1.6099998817112313
LaughingAdultFemale,8,-2.2328245706577654,-0.11859051800055327
LaughingAdultFemale,9,-0.15724180024243822,-1.50945361897807
LaughingAdultFemale,10,-1.3084996711129677,0.8608352835115123
LaughingAdultMale,1,0.6446400183298143,-0.22074819296611792
LaughingAdultMale,2,0.9836648007273325,0.6848430297326049
LaughingAdultMale,3,0.7585885120593777,-1.3088374707985428
LaughingAdultMale,4,1.1542616313928664,-0.2826394371949927
LaughingAdultMale,5,-0.8259718979496452,-0.5019553247062434
LaughingAdultMale,6,-1.1891321751438768,1.2205343444257832
LaughingAdultMale,7,1.0002229816314656,0.7247507421090775
LaughingAdultMale,8,-2.043485480848801,-0.12710994357151492
LaughingAdultMale,9,0.067198319235059,-0.9364253755105265
LaughingAdultMale,10,-0.5499867094044198,0.7475876284801556
LaughingChild,1,1.082988859148209,0.2288936649831125
LaughingChild,2,0.3599525876790811,0.7849658932290393
LaughingChild,3,1.1774117090415848,-1.8465969881830901
LaughingChild,4,1.1716255198532721,-0.8427939956004971
LaughingChild,5,-0.8103193078243646,-0.2255016342361254
LaughingChild,6,-0.6433323852151478,1.5940530805129356
LaughingChild,7,0.9947117356831474,1.5324299462949174
LaughingChild,8,-1.9100706235731293,-0.8460898492357759
LaughingChild,9,-0.398122889866204,-0.9693119945508344
LaughingChild,10,-1.0248452049030665,0.5899518767481776
LaughingGroup,1,0.26195463244908085,-2.2572647876504295
LaughingGroup,2,-2.4177568871119224,-0.3597630958611485
LaughingGroup,3,2.0004641396448295,-1.7277505418313497
LaughingGroup,4,0.7484633150121809,1.3704832694976443
LaughingGroup,5,-0.36547138213485664,2.0374493410272136
LaughingGroup,6,-1.3337438138781155,0.40495716678952826
LaughingGroup,7,0.4225360220173924,0.9396915448682054
LaughingGroup,8,-1.034974209659625,-1.6889037946316028
LaughingGroup,9,-0.47177914778566044,0.5151710103949109
LaughingGroup,10,2.1903073314568133,0.7659298873808916
Propeller,1,1.9049957234550519,0.19305356690156017
Propeller,2,0.7156143931462327,0.9639191217747783
Propeller,3,1.4476886454511864,-1.5425120195085382
Propeller,4,1.4042336550541914,-1.267116284822146
Propeller,5,-1.6850469635916676,-0.23039177754674445
Propeller,6,-0.915293223272226,1.4015305911907028
Propeller,7,0.7019047544117916,1.6062842035012885
Propeller,8,-1.5762832206144923,-0.3155056801688213
Propeller,9,-0.23536845854191585,-2.110444823210138
Propeller,10,-1.762445305505847,1.3011831018534903
Rain,1,0.6055921388883223,1.8415324980521897
Rain,2,0.9193935493660215,-0.47236205618786137
Rain,3,0.9242720754238566,-0.5872978445301101
Rain,4,-0.8909760816920909,-1.265625163624483
Rain,5,-0.6037273429146461,0.10406415472717741
Rain,6,-0.9722040684940212,0.10397023611129166
Rain,7,-0.3786435957335603,-0.059229343607123314
Rain,8,-0.06882661803451148,-0.9786617444369764
Rain,9,-1.110009381834846,1.6339920773166843
Rain,10,1.5751293250216278,-0.32038281384480105
River,1,1.583064406148174,0.29275393449421466
River,2,0.23382659826537489,-0.10698678038213123
River,3,1.2305289981137477,-1.8418545340487793
River,4,1.133882272461175,-0.4020027836856482
River,5,-0.49475063127975666,0.250882147156853
River,6,-0.5806058222379584,1.0039294224026847
River,7,0.548138329279465,1.6194555078552306
River,8,-1.5479224187550118,-0.7355510283838278
River,9,-0.5057435856561537,-1.2065959438246034
River,10,-1.600418146319703,1.1259700584117163
Sawing,1,0.4455423317296101,0.12029246948110824
Sawing,2,0.3454091547681229,0.5763491958376514
Sawing,3,1.3857465210421047,-1.5739358784231596
Sawing,4,0.7431033076225817,-1.141512041998209
Sawing,5,-1.2026404182855723,-0.04294303291454772
Sawing,6,-1.0232978823752512,0.7395833412011622
Sawing,7,0.6995453962791573,1.524424158250942
Sawing,8,-1.4811119841820723,-0.13422753997467562
Sawing,9,0.39046030564509404,-1.3816287056138687
Sawing,10,-0.30275673223651445,1.3135980341607016
SawingManual,1,0.29399812073560533,0.3129346560971099
SawingManual,2,0.6760117393472104,1.0377468179122535
SawingManual,3,0.9584418475750716,-1.6997573924812468
SawingManual,4,1.4876853511239196,-0.9095259253971509
SawingManual,5,-0.911985309770142,-0.07890541626506944
SawingManual,6,-1.0391507983917803,1.7813921212270245
SawingManual,7,1.4334051193665656,1.0921075023704603
SawingManual,8,-2.0769596868869513,-0.5946192566269183
SawingManual,9,-0.02973143657464274,-1.3208320558855058
SawingManual,10,-0.7917149465062409,0.3794589490645626
SeaWaves,1,1.5363805543420437,0.33910805762436536
SeaWaves,2,0.07579979992674295,1.1757681394683177
SeaWaves,3,1.085438141069226,-1.7527654958484735
SeaWaves,4,1.627945490481318,-0.8096034935039849
SeaWaves,5,-1.029354426762609,-0.20385793571361607
SeaWaves,6,-0.15748994645880937,0.2385775052865663
SeaWaves,7,0.7773401712948513,1.4860709152226375
SeaWaves,8,-1.953217227443923,-0.04598632450229245
SeaWaves,9,-0.5606892784782284,-1.6587249602426823
SeaWaves,10,-1.4021532779588601,1.2314135922002054
Sneezing,1,1.0822015656049337,0.4908709000973184
Sneezing,2,0.3971227159575394,1.1760308677609193
Sneezing,3,0.6043786863433686,-0.48968612034928766
Sneezing,4,1.1092549413167778,-1.2396062366219072
Sneezing,5,-0.5956700297806464,-0.8729770837491112
Sneezing,6,-0.793943497937855,1.5125761286515897
Sneezing,7,1.2481252887501313,0.5715712525637383
Sneezing,8,-1.956971945757018,-0.11193891984752254
Sneezing,9,-0.057622075342666404,-1.659856767101188
Sneezing,10,-1.0368756491489697,0.6230159785990808
Snoring,1,0.4676079814462975,-1.4335843941462612
Snoring,2,-1.9617211956149707,0.1590592018696244
Snoring,3,2.0676097357083894,-1.881151514540231
Snoring,4,0.2585864949818559,1.5336227898376014
Snoring,5,0.03366021007668115,-0.2935183807165053
Snoring,6,-1.1084160898641136,0.4810044189385536
Snoring,7,0.6544981413889926,0.6637625667658056
Snoring,8,-1.4355351716153721,-1.54698912620517
Snoring,9,-1.2210559993784056,1.5950136713099925
Snoring,10,2.244765892784002,0.7227807669231758
ThroatClearing,1,1.2374535716749322,-0.3384606021897972
ThroatClearing,2,0.4730898267456556,1.0122026229046674
ThroatClearing,3,1.6967239949466006,-1.7213565676917366
ThroatClearing,4,1.0819000926386395,-0.9720603277113193
ThroatClearing,5,-2.020319523897563,-0.32861785918389863
ThroatClearing,6,-1.6207167333084382,1.8629570683632517
ThroatClearing,7,0.4044484151919573,1.3841035978134153
ThroatClearing,8,-0.07739624220671809,-0.029298453623744777
ThroatClearing,9,-0.2938473367078545,-1.5369057580050218
ThroatClearing,10,-0.8813360650666229,0.6674362793183211
Thunder,1,0.9107421678227082,0.9971091186645697
Thunder,2,1.400534247480827,0.06788759111249025
Thunder,3,1.348259312207873,-2.2149149555058445
Thunder,4,0.9958190559467784,-1.0329984999324202
Thunder,5,-0.22998750778118948,-0.9598091091416635
Thunder,6,-1.234345585998881,1.911009276329509
Thunder,7,0.5326563715992065,2.4395884459149797
Thunder,8,-2.4810735539261226,-0.5262745402336559
Thunder,9,-0.4722686725686971,-1.4249908400898401
Thunder,10,-0.7703358347672031,0.7433935128836231
TrainBrakes,1,1.6898723218443252,0.23101903872461188
TrainBrakes,2,1.1802993986712766,1.3122239300167233
TrainBrakes,3,1.1961394693458918,-1.753994949559564
TrainBrakes,4,1.1469663893188515,-1.1917059733397168
TrainBrakes,5,-0.868844943701542,-0.44104267238557304
TrainBrakes,6,-0.8843043448654211,1.458397275307533
TrainBrakes,7,0.6332526167708552,1.6575495104947569
TrainBrakes,8,-2.409917468992406,-0.21376558076232377
TrainBrakes,9,-0.20328999985142782,-1.7292356175463959
TrainBrakes,10,-1.4801734385216971,0.6705550390353735
TrainSignal,1,0.575218630050057,-1.6064927174106831
TrainSignal,2,-1.0315848671550156,-0.17796319979018566
TrainSignal,3,1.127796575786117,-0.5463325016795849
TrainSignal,4,0.07187094604117836,1.514720060743963
TrainSignal,5,-0.1495390805730282,-0.17952610942957545
TrainSignal,6,-1.8696178400075003,0.8893565966663399
TrainSignal,7,0.8065810937957725,-0.41802425038631974
TrainSignal,8,-1.4181511131450673,-1.1268678959557927
TrainSignal,9,-0.15678621253168243,1.4948214081093152
TrainSignal,10,2.044211867711529,0.15630860914406164
TrainWagons,1,0.7091682153468848,-0.05168250763491908
TrainWagons,2,0.3434399404591485,1.0603891215048815
TrainWagons,3,0.6222346722132899,-0.7437080682563373
TrainWagons,4,1.528537364032184,-1.338460284647892
TrainWagons,5,-0.883402173858812,0.09523229351497237
TrainWagons,6,-1.448842300624145,1.4568541055689925
TrainWagons,7,1.4386395407147676,0.9007581796080478
TrainWagons,8,-1.4288508571371072,-0.09611121626989116
TrainWagons,9,0.20037938557083726,-1.8148098209107748
TrainWagons,10,-1.0813037866948936,0.5315381975125455
Waterfall,1,0.7945521517321779,-0.1675380137725134
Waterfall,2,-0.032369365121760446,0.6009065410696897
Waterfall,3,1.8735260033956842,-2.154993082060302
Waterfall,4,1.790461013039543,-0.9799667345564252
Waterfall,5,0.03799217566404884,-0.2892476018249406
Waterfall,6,-1.9744240028383844,2.423971315411876
Waterfall,7,1.4541025852004583,2.0081219242051875
Waterfall,8,-1.6777361648409113,-0.24144564477837732
Waterfall,9,-0.8813690848848401,-1.7345388951172727
Waterfall,10,-1.38473531132715,0.5347301914044981
Wind,1,1.5540284567597504,-0.39002768232444485
Wind,2,0.8713275312579566,0.9433437016569766
Wind,3,0.9388358672884233,-1.065793794378682
Wind,4,0.15941023814146482,-0.3176283688788726
Wind,5,-0.9413964542737221,-0.12754262521054668
Wind,6,-1.32820445784186,1.4694119982990808
Wind,7,1.356947261890693,1.292179125736885
Wind,8,-1.6419486280774533,-0.5624684878535433
Wind,9,-0.27497159377466174,-1.4328683938159472
Wind,10,-0.6940282214165676,0.19139452678855068
